A.LOCAL_ID	B.ISSUE_TITLE	C.ISSUE_BODY	D.ISSUE_LABEL_1	E.ISSUE_LABEL_2	F.ISSUE_LABEL_3	G.ISSUE_LABEL_4	H.ISSUE_LABEL_5	I.GH_ISSUE_ID	J.PROJECT_TITLE	K.PROJECT_FIELD_PRIORITY	L.PROJECT_FIELD_START_DATE	M.PROJECT_FIELD_END_DATE
1	google ads TO DO 	law4veterans.com/#burn;check Troy's ads for URLs;tags support says: change conversion goals away from default & point at website instead of e.g. UA	GOOGLE ANALYTICS	plan1					L4VLLM	Medium	2025-03-31	
3	Intaker = poor mobile experience?		INTAKER INTALL 2K25 HAPPY EASTER 	plan1	WIX SHIT	intaker			L4VLLM	Medium	2025-03-31	2025-04-22
4	intaker Qs for Joe	"assign Leads within Intaker?  (> research Docusign integration) ;spam prevention? = 2fa sms to submit again;or Joe simply fwd Intaker email regardless?;use intaker phonecall button or intaker phone service? ;live-call connect? intaker instantly dials Firm upon Lead phone # submission;do we need Firm users saved in Intaker? Stella, Debbie, etc. "	INTAKER INTALL 2K25 HAPPY EASTER 	plan1	intaker				L4VLLM	Medium	2025-03-31	
6	audit SEO of old websites	"anchor links;copy content, as pertaining to SEO ;URL slugs;SEO tags? ;previous homepage was stuffed with SEO and anchor links"	L4V x Wayback Archive	plan1					L4VLLM	Medium	2025-03-31	
12	google analytics	UTM ;configure site tags: analytics>L4V account>property settings>data streams	low priority	plan1					L4VLLM	Medium	2025-03-31	
13	google search console	1: added L4v domain via search console panel ;TWO properties?? ;https://www.wix.com/seo/learn/resource/wix-site-inspection-tool;reddit says: check html header for old tag data;2: added google tag via wix marketing integrations	low priority	plan1					L4VLLM	Medium	2025-03-31	
17	audit /update L4V phone numbers	"trace numbers to campaigns (/platforms?);wait for Troy's report (email) ;Troy: defaulting 704-940-0353 (joe says ""that's one of my actual land line numbers"");(product) research > phone # generator +analytics ;see @isa notes for #s;bbb.org: (704) 940-0353;Troy : all L4v-800 numbers untrackable;DATABASE: L4v #s, attached channel,;attach (unique?) #s to every profile > IG, FB, website, ads "	MAJOR TASKS	plan1	phone numbers				L4VLLM	Medium	2025-03-31	
18	brianbakerdigital did NOT receive Form completion notification		MAJOR TASKS	plan1					L4VLLM	Medium	2025-03-31	2025-03-31
19	choose: Wix chat vs Intaker		MAJOR TASKS	plan1	intaker				L4VLLM	Medium	2025-03-31	2025-03-31
21	fix contact form (joe cannot submit) 		MAJOR TASKS	plan1					L4VLLM	Medium	2025-03-31	2025-03-31
22	Can Joe access....?	bochicchiolaw@gmail.com > intaker pending users;[pen test] joe@law4veterans and @DLH >> as username for gmail.com ;bochicchiolaw >> 2fa phone ends in -27.... >> j**@law4veterans.com;bochicchiolaw@gmail.com > google ads admin;law4veterans@gmail.com	Questions for emails	plan1					L4VLLM	Medium	2025-03-31	
25	https://www.youtube.com/@Law4Veterans		SOCIAL MEDIA	plan1					L4VLLM	Medium	2025-03-31	
29	"ian, social media"	"send assets;add to IG, FB admin;work on twitter, linkedin, ;https://metricool.com/crossposting-instagram-facebook/#Crossposting_from_Instagram_to_Facebook_from_;(Ian) does his account work? ;https://help.instagram.com/192857082456744;ask his content/design ;ian posts to IG > auto-post to FB page"	"TO DO, this week"	plan1	TODO this wk	URGENT	social media		L4VLLM	Urgent	2025-03-31	
31	generate QR + UTM 	https://www.wix.com/tools/qr-code-generator;figure out UTM tags > google analytics	upcoming	plan1					L4VLLM	Medium	2025-03-31	
33	google tag mgr	"(unless that's a google search console bug?? idr. double check) ;install Vibe pixel (see their support article) ;google tag manager show TWO l4v websites... maybe due to ""ghost"" header tag html? ;fix google tag manager;https://support.google.com/tagmanager/answer/12329709"	URGENT - DO THIS NOW	plan1					L4VLLM	Urgent	2025-03-31	
34	"instagram, intro triple postsss"	"r1) open with branding? jeep, dogtag?, logo??;r2) (PIN) about joe, about l4v, why we're different;2) contact info (use ig app);3) l4v generic (use meta app)"	URGENT - DO THIS NOW	plan1	URGENT	social media			L4VLLM	Urgent	2025-03-31	2025-04-08
37	ad blocker incompatible?	website flashes and reloads on my phone (adguard);test intaker bot v2	WIX WEBSITE	plan1					L4VLLM	Medium	2025-03-31	
38	Finish website	"INTEGRATIONS: G tag vs tag mgr? ;SEO: meta tags for literally every element, asset filenames (native vs wix?) ;fix mobile layout menus;ASSETS: edit pics, logos;MENUS: mobile and desktop;fix mobile layout zoom issue;https://www.reddit.com/r/WIX/comments/17s9x2y/best_practices_uploading_images_and_saving_records/;apply joe intaker edits;shrink mobile layout elements;fix mobile layout font size;install intaker;INTAKER: request joe audit;MOBILE SITE: fix layout;CONTENT: faqs... ;Update website socials info/icons"	WIX WEBSITE	plan1	WIX SHIT				L4VLLM	Urgent	2025-03-31	
39	Fix mobile layout	https://support.wix.com/en/article/wix-editor-troubleshooting-layout-issues-on-your-mobile-site;https://support.wix.com/en/article/site-performance-best-practices	WIX WEBSITE	plan1					L4VLLM	Medium	2025-03-31	
40	incomplete website SEO?		WIX WEBSITE	plan1					L4VLLM	Medium	2025-03-31	2025-04-28
43	create L4V roles/users/aliases (m365)	shared docusign inbox?;create report / spreadsheet (copilot?);marketing@;admin@	"L4v ""databases"" [DB] "	plan1					L4VLLM	Medium	2025-04-01	
44	clean up L4V/DLH msft project files	"delete Planner stubs, archive old;start in Sharepoint? "	low priority	plan1					L4VLLM	Low	2025-04-01	
47	Biz category	Law Firm ;legal service;Veterans services;legal ;Lawyer	Questions for emails	plan1					L4VLLM	Medium	2025-04-01	
49	Brian Meta account disaster	my current fb page login = bbdigital email + bakerb user account. disentangle this;https://www.reddit.com/r/FacebookBusiness/comments/1hagop5/unable_to_accept_business_invite/;meta account: disallow cross over logins;fb page admin accounts are tied to email address...;personal FB account cannot use Meta Business Suite ;fb page admin: change bbdigital to bakerb;facebook.com/id/hub > official docs > action required > 'no Q's available' loop;INFO: i have never used/installed FB mobile > incomplete 'identity' feature? > limiting my acct?	SOCIAL MEDIA	plan1					L4VLLM	Medium	2025-04-01	
50	IG changes	"pfp;l4v business details;removed Jessica's logged-in device (macOS, nov 2022);sanitize follows/ers"	SOCIAL MEDIA	plan1					L4VLLM	Medium	2025-04-01	
53	Hire help	GOOGLE analytics;IG / FB  admin;WEBDEV (wix);IG post creation / management;Katie Todd?;Eileen;Boran;Kate cygan?;Katie Koenig	"TO DO, this week"	plan1					L4VLLM	Urgent	2025-04-01	
55	competitors / inspo	1300 folowers - https://www.instagram.com/ptsdlawyers/;4500 folowers - https://www.instagram.com/veteranslegalinstitute/;1200 followers - https://www.instagram.com/woodsandwoods/	SOCIAL MEDIA	plan1					L4VLLM	Medium	2025-04-03	
61	??????? wix	how the fuck do containers work;customize org links / assets / socials icons??	"l4v website, low priority"	plan1					L4VLLM	Medium	2025-04-04	
62	"custom ""socials bar"" "	google reviews/business;avvo?;linked in;put them in the footer... == google reviews on every page	"l4v website, low priority"	plan1					L4VLLM	Medium	2025-04-04	
79	"clean up L4V canva folders, permissions"	price check Canva;separate all from guga's account?;any good alts? don't think so 	low priority	plan1					L4VLLM	Low	2025-04-07	
84	"[DB] L4V HASHTAGS (fb, ig) "	#JosephMBochicchioPLLC #GoWithJoe #Law4Veterans;#serviceconnected	SOCIAL MEDIA	plan1	social media	[databases]			L4VLLM	Medium	2025-04-07	
85	accounts and pages to tag	wounded warrior project? etc;ask joe	SOCIAL MEDIA	plan1					L4VLLM	Medium	2025-04-07	
86	CAPTIONS	saved here > https://keep.google.com/u/0/#label/%23%23L4V%20captions	SOCIAL MEDIA	plan1					L4VLLM	Medium	2025-04-07	
89	FIX META BIZ SUITE??? 	attach ad accounts to biz portfolios + assets (both L4v and bbdigital);Separate ig and FB logins (meta accounts panel);Try allowing all cross logins for Brian accounts to access meta biz suite? Try adding individually;Check Joe biz suite admins.... Add both my accounts (bakerb/fb and bbdigital/ig);RESEARCH: meta work account?? Account assigned by admin;Add 2fa sms # to personal acct?	URGENT - DO THIS NOW	plan1	URGENT	social media			L4VLLM	Medium	2025-04-07	2025-04-15
90	[DB] LIST OF PHONE NUMBERS 	"704-318-4777 - https://www.instagram.com/p/ChKYdh0Or8D/;(704-940-0353 - Troy's default);(704-543-2294) ;intaker > settings > ""intaker phone number""  (704) 389-9901 ... fwds to (704) 940-0353"	MAJOR TASKS	plan1	[databases]	phone numbers #			L4VLLM	Medium	2025-04-08	
93	[DB] FACEBOOK / META RESOURCES	fb page admin: https://www.facebook.com/professional_dashboard/overview/;https://www.facebook.com/business/help/support;https://play.google.com/store/apps/developer?id=Meta%20Platforms%2C%20Inc.&hl=en_US;https://www.facebook.com/help	SOCIAL MEDIA	plan1	social media	[databases]			L4VLLM	Medium	2025-04-08	
96	Conduct Cybersecurity Audit	"Create a data breach plan, and disaster recovery plan/ business continuity;Ask Scott if Cybersecurity for the firm is within his scope ;Teach staff about email encryption"	upcoming	plan1					L4VLLM	Medium	2025-04-08	
98	Connect Meta Verified Support 	"Brian cannot access Meta Business Suite using his personal login (bakerb4379); fixed it?!??? enabled all accounts cross-login, then (personal) meta verified. not sure what did it"	URGENT - DO THIS NOW	plan1					L4VLLM	Medium	2025-04-08	2025-04-14
103	"""vibe"" streaming service commercials"	attach ad pixel(s) to website;fix google tag mgr	"TO DO, this week"	plan1					L4VLLM	Medium	2025-04-14	
105	GAds / Wix conversion tracker	conversion tracker on form? pages? lander?  ;install intaker?;https://support.google.com/google-ads/answer/12215519?sjid=2230791702719779702-NC#zippy=%2Cin-google;SCHEDULE MEETING;requires google tag manager	URGENT - DO THIS NOW	plan1					L4VLLM	Urgent	2025-04-15	
106	google ads settings 	"goals > conversions > summary > settings > google analytics property ;conversion id, destination id - AW-11030537154"	GOOGLE ANALYTICS	plan1					L4VLLM	Medium	2025-04-16	
107	Brian owned	L4V tag mgr container - GTM-54HN8L4T ;G-0HGTJKFYN0... wix google tag integration;Law4Veterans Google Tag Mgr - 629 129 990 6;L4V GAnanlytics Account - 346 616 544	google conversion tags	plan1					L4VLLM	Medium	2025-04-16	
108	"google analytics, old setup "	"conversion ID 11030537154... found in G.ads > goals > campaign action settings > tag options  ;Troy owns google ads account;OLDER > ""Law4Veterans.com. Joseph M. Bochicchio, PLLC (UA-249921957-17)"";??? owns google analytics property ""Law4Veterans.com. Joseph M. Bochicchio, PLLC - GA4 (401830982)"""	google conversion tags	plan1					L4VLLM	Medium	2025-04-16	
109	google tag mgr		google conversion tags	plan1					L4VLLM	Medium	2025-04-16	
111	create shared GPT account for [org]	alh ? 	upcoming	plan1					L4VLLM	Medium	2025-04-16	
112	Finish installing Google Tags to Tag Manager and Analytics		URGENT - DO THIS NOW	plan1					L4VLLM	Medium	2025-04-16	
113	Complete account setup		GOOGLE ANALYTICS	plan1					L4VLLM	Medium	2025-04-17	
114	Create a link with Google Ads		GOOGLE ANALYTICS	plan1					L4VLLM	Medium	2025-04-17	
118	intaker install > wix site	"2) or use domain rules (/bots/publish) ??? ... not sure if code injection still required;1) inject header code into Wix ... https://dashboard.intaker.com/bots/publish ;remove wix chat, GOOD RIDDANCE MFFFFFFFF;audit / fix intaker+wix mobile website;use Intaker HTML button code?? ... sucked ass when I tried last"	INTAKER INTALL 2K25 HAPPY EASTER 	plan1	WIX SHIT	intaker			L4VLLM	Medium	2025-04-18	2025-04-22
125	"[DB] BRAND COLORS ... hexcolors, etc."	Intaker OG (bold blue): 498fe1;Canva 1 (LT blue):  7dc1ff;Canva 2 (DK blue): 6995b5 	"L4v ""databases"" [DB] "	plan1	social media	[databases]	L4V Branding		L4VLLM	Medium	2025-04-18	
126	[DB] BRANDING PACKET /LIBRARY 	logos;colors: ;wordmark 	MAJOR TASKS	plan1					L4VLLM	Medium	2025-04-18	
127	Competitor	https://ptsdlawyers.com/board-of-veterans-appeals/	Isa	plan1					L4VLLM	Medium	2025-04-20	
131	"get GAds under GA4, all under new marketing platform "		For Longevity sake	plan1					L4VLLM	Medium	2025-04-22	
133	ADMIN for g.ads	cannot link to ads acoount without admin rights	GOOGLE ANALYTICS	plan1					L4VLLM	Medium	2025-04-22	
134	Brian notes re: fiverr wix site	(review in progress....) ;great menu /banner. especially phone number	No Bucket	plan1					L4VLLM	Medium	2025-04-28	
140	Code to auto adjust size	https://www.wix.com/blog/responsive-website-design	WIX WEBSITE	plan1					L4VLLM	Medium	2025-04-29	
143	google partner????? FK troy	https://enterprisemarketingportal.google/become-a-partner	No Bucket	plan1					L4VLLM	Medium	2025-05-10	
145	Biz card 2025	NEW go with joe silhouette logo? ;new address;current phone number... ;QR code + UTM ... to intaker landing page? 	week of RIGHT NOW (!!!)... in active progress	plan(2)					L4VLLM	Medium	2025-06-17	
146	Email	"Google tags;Intaker edits.... Help refine the submissions (up lead quality);Determine referral sources (link analytics + ads);WhatsApp ads;Reddit ads;Qr code  +utm campaign;Google analytics;L4V Ai dev: competitor research, analyze ads data for keywords, ad copy,;Phone numbers;Interviewing candidates, boran, dony;Google business (+ reviews);Email campaigns (tied to simplelaw crm);Archive old sites, cancel hostgator;TV commercial thing;Further thoughts on Ai;New crm in dev;Ad campaigns... Huge room for improvement;Psych eval referrals;Ai seo??? Have been pivoting to it"	week of RIGHT NOW (!!!)... in active progress	plan(2)					L4VLLM	Urgent	2025-06-17	
147	Email 2	"Email rule found;L4v email security, user opsec;Meta verified.. Notarized form required;Meta ads"	week of RIGHT NOW (!!!)... in active progress	plan(2)					L4VLLM	Urgent	2025-06-17	
