LOCAL_ID	ISSUE_TITLE	ISSUE_BODY	ISSUE_LABEL_1	ISSUE_LABEL_2	ISSUE_LABEL_3	ISSUE_LABEL_4	ISSUE_LABEL_5	GH_ISSUE_ID	PROJECT_TITLE	PROJECT_FIELD_PRIORITY	PROJECT_FIELD_START_DATE	PROJECT_FIELD_END_DATE
14	SEO	https://www.reddit.com/r/SEO/comments/hrcbv9/wix_seo_issues/;https://www.reddit.com/r/WixHelp/comments/18oazro/meta_descripton_business_what_am_i_missing/;https://www.wix.com/seo/learn/resource/what-is-google-search-console#viewer-5ybih31321	low priority	plan1					L4VLLM	Medium	2025-03-31	
15	stella docusign email notifs	"stella@law4veterans.com seems to be a default recipient in the notification flow;CAN STELLA JUST HIT ""UNSUBSCRIBE"" LINK ???? (mostly no);debbie@, stella@ both trigger email to stella@ when they send envelope to client;unclear if joe@ also triggers;evaluate fix;what does ""report email"" hyperlink do? "	low priority	plan1					L4VLLM	Medium	2025-03-31	2025-04-20
16	wix certs	https://www.wix.com/learn/certification/accessibility;https://www.wix.com/studio/academy/web-designer-certification-criteria	low priority	plan1					L4VLLM	Medium	2025-03-31	
33	google tag mgr	"(unless that's a google search console bug?? idr. double check) ;install Vibe pixel (see their support article) ;google tag manager show TWO l4v websites... maybe due to ""ghost"" header tag html? ;fix google tag manager;https://support.google.com/tagmanager/answer/12329709"	URGENT - DO THIS NOW	plan1					L4VLLM	Urgent	2025-03-31	
34	"instagram, intro triple postsss"	"r1) open with branding? jeep, dogtag?, logo??;r2) (PIN) about joe, about l4v, why we're different;2) contact info (use ig app);3) l4v generic (use meta app)"	URGENT - DO THIS NOW	plan1	URGENT	social media			L4VLLM	Urgent	2025-03-31	2025-04-08
35	Joe's Meta 2fa (debbie mail)	email debbie;receive > enter code via joe's personal fb account;RECEIVED: BBDIGITAL INBOX FOR CODE	URGENT - DO THIS NOW	plan1					L4VLLM	Medium	2025-03-31	
36	wix mobile - zooming issue	"edit mobile site for 3XXpx wide (look this up)... audit with browser inspection>mobile, not wix prvw;background asset does not move, so.... ""prebake"" the ~translucent blue onto the background image??;change fonts to 13pt+?  - https://forum.wixstudio.com/t/having-a-page-zoom-out-on-mobile/41668/3;reconfigure hamburger menu (remove?) ;https://support.wix.com/en/article/accessibility-about-zoomed-content;decrease font sizes - https://support.wix.com/en/article/mobile-live-site-loads-zoomed-inout-on-andr;buttons link to external URL instead of site location - https://www.reddit.com/r/WIX/comments/tax9t1;hard code viewport - https://www.reddit.com/r/webdev/comments/vp28k8/comment/ieginbe/;MAYBE THIS IS TIED TO WEBSITE ""BACKGROUND COLOR"" ELEMENTS?? scrolling the page = color layers moving"	URGENT - DO THIS NOW	plan1					L4VLLM	Important	2025-03-31	2025-04-28
37	ad blocker incompatible?	website flashes and reloads on my phone (adguard);test intaker bot v2	WIX WEBSITE	plan1					L4VLLM	Medium	2025-03-31	
38	Finish website	"INTEGRATIONS: G tag vs tag mgr? ;SEO: meta tags for literally every element, asset filenames (native vs wix?) ;fix mobile layout menus;ASSETS: edit pics, logos;MENUS: mobile and desktop;fix mobile layout zoom issue;https://www.reddit.com/r/WIX/comments/17s9x2y/best_practices_uploading_images_and_saving_records/;apply joe intaker edits;shrink mobile layout elements;fix mobile layout font size;install intaker;INTAKER: request joe audit;MOBILE SITE: fix layout;CONTENT: faqs... ;Update website socials info/icons"	WIX WEBSITE	plan1	WIX SHIT				L4VLLM	Urgent	2025-03-31	
39	Fix mobile layout	https://support.wix.com/en/article/wix-editor-troubleshooting-layout-issues-on-your-mobile-site;https://support.wix.com/en/article/site-performance-best-practices	WIX WEBSITE	plan1					L4VLLM	Medium	2025-03-31	
40	incomplete website SEO?		WIX WEBSITE	plan1					L4VLLM	Medium	2025-03-31	2025-04-28
41	Should we be using landing pages? Are they already in use?		WIX WEBSITE	plan1					L4VLLM	Medium	2025-03-31	
42	terrible mobile UX	website zooms in for certain users (android + chrome?) 	WIX WEBSITE	plan1					L4VLLM	Medium	2025-03-31	2025-04-22
43	create L4V roles/users/aliases (m365)	shared docusign inbox?;create report / spreadsheet (copilot?);marketing@;admin@	"L4v ""databases"" [DB] "	plan1					L4VLLM	Medium	2025-04-01	
44	clean up L4V/DLH msft project files	"delete Planner stubs, archive old;start in Sharepoint? "	low priority	plan1					L4VLLM	Low	2025-04-01	
45	dba/trade name	NC Bar does not care;https://www.ncbar.gov/for-lawyers/ethics/adopted-opinions/2005-formal-ethics-opinion-8/;must register DBA in at least 1 county ;trademark search https://tmsearch.uspto.gov/search/search-information;nc dba form: https://edpnc.com/wp-content/uploads/2024/03/A-Assumed-Business-Name-Certificate-1.pdf;meck county dba: https://meckrod.manatron.com/localization/asninfo.htm	low priority	plan1					L4VLLM	Medium	2025-04-01	
46	Simple Law renewal???	when?;August;Ditch simple law? Lol	low priority	plan1					L4VLLM	Low	2025-04-01	
47	Biz category	Law Firm ;legal service;Veterans services;legal ;Lawyer	Questions for emails	plan1					L4VLLM	Medium	2025-04-01	
48	"Misc usage, ethics"	lawyer vs attorney vs law firm;https://www.ncbar.org/2019/07/23/ethical-considerations-for-nc-law-firm-websites/	Questions for emails	plan1					L4VLLM	Medium	2025-04-01	
49	Brian Meta account disaster	my current fb page login = bbdigital email + bakerb user account. disentangle this;https://www.reddit.com/r/FacebookBusiness/comments/1hagop5/unable_to_accept_business_invite/;meta account: disallow cross over logins;fb page admin accounts are tied to email address...;personal FB account cannot use Meta Business Suite ;fb page admin: change bbdigital to bakerb;facebook.com/id/hub > official docs > action required > 'no Q's available' loop;INFO: i have never used/installed FB mobile > incomplete 'identity' feature? > limiting my acct?	SOCIAL MEDIA	plan1					L4VLLM	Medium	2025-04-01	
73	Email campaign calendar	mil holidays ;holidays;bdays	upcoming	plan1	URGENT	campaigns			L4VLLM	Urgent	2025-04-06	
103	"""vibe"" streaming service commercials"	attach ad pixel(s) to website;fix google tag mgr	"TO DO, this week"	plan1					L4VLLM	Medium	2025-04-14	
104	"draft Firm-wide ""how to not get hacked"" email "	"password to passphrase ;""unsubscribe"";how to examine outlook email header?/detailed sender info (SENDER DOMAIN) "	upcoming	plan1					L4VLLM	Medium	2025-04-15	
105	GAds / Wix conversion tracker	conversion tracker on form? pages? lander?  ;install intaker?;https://support.google.com/google-ads/answer/12215519?sjid=2230791702719779702-NC#zippy=%2Cin-google;SCHEDULE MEETING;requires google tag manager	URGENT - DO THIS NOW	plan1					L4VLLM	Urgent	2025-04-15	
106	google ads settings 	"goals > conversions > summary > settings > google analytics property ;conversion id, destination id - AW-11030537154"	GOOGLE ANALYTICS	plan1					L4VLLM	Medium	2025-04-16	
107	Brian owned	L4V tag mgr container - GTM-54HN8L4T ;G-0HGTJKFYN0... wix google tag integration;Law4Veterans Google Tag Mgr - 629 129 990 6;L4V GAnanlytics Account - 346 616 544	google conversion tags	plan1					L4VLLM	Medium	2025-04-16	
108	"google analytics, old setup "	"conversion ID 11030537154... found in G.ads > goals > campaign action settings > tag options  ;Troy owns google ads account;OLDER > ""Law4Veterans.com. Joseph M. Bochicchio, PLLC (UA-249921957-17)"";??? owns google analytics property ""Law4Veterans.com. Joseph M. Bochicchio, PLLC - GA4 (401830982)"""	google conversion tags	plan1					L4VLLM	Medium	2025-04-16	
109	google tag mgr		google conversion tags	plan1					L4VLLM	Medium	2025-04-16	
												
